threshold,accuracy,precision,recall,f1,positives_pred
0.3,0.9564625850340136,0.8446215139442231,0.8945147679324894,0.8688524590163934,251
0.35,0.9605442176870749,0.8808510638297873,0.8734177215189873,0.8771186440677966,235
0.4,0.9605442176870749,0.908675799086758,0.8396624472573839,0.8728070175438597,219
0.5,0.9285714285714286,0.9285714285714286,0.6033755274261603,0.731457800511509,154
0.6,0.9013605442176871,0.9693877551020408,0.4008438818565401,0.5671641791044776,98
0.7,0.8748299319727891,0.9818181818181818,0.22784810126582278,0.3698630136986301,55
